,minute,symbol,ofi_0_h_i_t,ofi_1_h_i_t,ofi_2_h_i_t,ofi_3_h_i_t,ofi_4_h_i_t,ofi_5_h_i_t,ofi_6_h_i_t,ofi_7_h_i_t,ofi_8_h_i_t,ofi_9_h_i_t
0,2024-10-21 11:54,AAPL,-59.88721804511279,39.02255639097745,61.12781954887219,-17.59398496240602,-6.879699248120302,65.41353383458647,4.962406015037595,-27.85714285714286,76.35338345864663,66.54135338345866
1,2024-10-21 11:55,AAPL,-265.15340151178304,387.16318363717215,402.63228101378394,-48.150289017341045,-58.82614495331259,162.9702089817697,-147.93686082703425,56.86527345486884,314.3930635838151,-126.14939973321478
2,2024-10-21 11:56,AAPL,53.41625944024877,-91.6392714349178,303.38516215015545,-93.55841848067524,104.27365615282096,-43.500666370501996,-10.235450910706351,135.61972456685916,-23.029764549089293,40.46201688138605
3,2024-10-21 11:57,AAPL,409.0190609019061,329.5304509530451,132.35239423523942,214.15620641562063,-671.4086471408647,392.0409112040911,-117.30357973035797,-129.2654579265458,702.6638772663877,63.668061366806135
4,2024-10-21 11:58,AAPL,255.08308895405668,7.478005865102639,447.0185728250244,251.34408602150535,28.665689149560116,-487.316715542522,540.4936461388074,-4.569892473118279,258.4066471163245,1020.3323558162267
5,2024-10-21 11:59,AAPL,102.23133716160787,586.7309269893354,247.88351107465135,-600.19688269073,-41.77194421657096,167.91222313371614,158.29368334700573,7.145200984413453,339.9466776045939,162.6907301066448
6,2024-10-21 12:00,AAPL,180.58252427184465,271.74757281553394,439.22330097087377,94.07766990291262,-209.99999999999997,43.689320388349515,-143.00970873786406,-65.24271844660194,480.58252427184465,-668.4466019417475
7,2024-10-21 12:01,AAPL,-218.19059107358262,127.96139927623642,742.6135906714917,536.7269802975472,78.19863289103337,-175.53679131483713,409.31242460796136,-260.5709690390028,212.72215520707678,193.85605146763166
8,2024-10-21 12:02,AAPL,-126.03437301082116,-64.06747294716742,98.93698281349461,126.45448758752389,-74.2552514322088,36.44493952896245,130.2355187778485,-176.76320814767666,235.47422024188418,-170.67154678548698
9,2024-10-21 12:03,AAPL,-43.57712305025997,36.39514731369151,74.73136915077991,129.27556325823227,-65.51126516464473,67.84055459272098,77.15771230502601,-122.9670710571924,197.11611785095323,-192.06932409012134
10,2024-10-21 12:04,AAPL,24.672131147540977,-17.958626073380167,39.274004683840744,208.95784543325522,-45.48399687743949,-23.832943013270878,49.17642466822794,-64.78532396565183,12.252146760343479,-167.16627634660418
11,2024-10-21 12:05,AAPL,73.05941542884523,135.8648778150455,99.20699568758984,532.4365117393387,400.6732151413512,127.14901772879732,934.9041686631529,541.9214183037853,-551.4063248682319,250.96550071873503
12,2024-10-21 12:06,AAPL,-749.7918731417245,570.9737363726463,-98.1392467789891,408.6124876114966,418.64717542120917,162.76263627353816,237.22001982160558,-54.58870168483648,157.94598612487613,-238.62487611496533
13,2024-10-21 12:07,AAPL,-137.99104922923917,-693.8189955246145,1046.340129288911,118.67230233714568,547.73247140726,-309.0999502734957,398.8861263053207,365.21631029338636,-841.9293883639979,27.046245648930878
14,2024-10-21 12:08,AAPL,92.15548882215549,-700.286953620287,107.43576910243577,292.8128128128128,-94.76142809476143,568.687020353687,-335.81081081081084,612.3957290623957,-217.35902569235904,101.98698698698699
15,2024-10-21 12:09,AAPL,41.12136844963346,-304.96877545479236,-90.00814553353246,510.5756177029596,145.77789845234867,977.7355416779801,-504.22210154765145,95.83220200923162,661.2951398316591,729.5954385012219
16,2024-10-21 12:10,AAPL,1.0614995787700086,-124.66722830665545,-453.9679865206403,-158.2813816343724,394.64195450716096,513.4119629317607,-35.029486099410285,8.491996630160068,411.39005897219886,1170.8340353833194
17,2024-10-21 12:11,AAPL,-0.09769713886950454,337.7390090718772,-1532.9658060013958,1818.2414515003488,-614.026517794836,673.0355896720167,-92.71458478715981,314.7801814375436,-129.35101186322402,-26.573621772505234
18,2024-10-21 12:12,AAPL,-229.44210348896007,-1221.1562447328502,315.3615371650093,974.0771953480534,319.244901398955,529.1083768751054,-87.53750210685995,488.0094387325131,318.9212877127929,-18.76959379740435
19,2024-10-21 12:13,AAPL,-188.61209964412808,-1215.2008134214539,991.5607524148448,-226.3345195729537,636.6107439417048,-779.5966785290627,799.8949330621928,1574.4619556007453,-451.9505168615488,-1417.6444670394847
20,2024-10-21 12:14,AAPL,-1.35938543754175,-10.751503006012024,37.197728790915164,312.96760187040746,-95.34235136940548,100.84168336673346,112.6436205744823,258.2214428857715,-354.8613894455578,39.66933867735471
21,2024-10-21 12:15,AAPL,-528.9125761375851,-144.1132210677177,-1537.4919383733431,1441.9849516302402,-327.66571121461845,-311.8900035829452,1579.4894303117164,2923.195987101398,-2456.3203152991764,-1809.7294876388394
22,2024-10-21 12:16,AAPL,-729.4246176256372,42.061179898033494,671.522214129643,-660.4151493080843,462.1267297887836,96.32192279679532,-106.15440640932263,951.3838310269481,-1352.8769118718133,1029.3153678077201
23,2024-10-21 12:17,AAPL,-466.10160568570683,-840.3790471176626,174.51961042379574,158.41010792313767,244.86443801000266,1020.0000000000001,1099.4735456699132,-1142.7007107133456,-179.35246117399316,1805.8752303237695
24,2024-10-21 12:18,AAPL,-531.1646386888503,212.80854233921033,6.511050409734294,-297.7948845294264,257.8718649118451,360.67792401291285,23.131363297740254,-516.2577601191955,-37.866898435559975,1203.687608641669
25,2024-10-21 12:19,AAPL,-408.8471849865952,763.1367292225202,-135.25469168900807,129.89276139410188,42.62734584450403,-15.683646112600538,183.51206434316356,-89.8123324396783,-83.24396782841823,-66.75603217158178
26,2024-10-21 12:20,AAPL,-91.21800529567518,102.11827007943512,345.25154457193287,496.0194174757281,-121.62400706090025,58.97616946160635,618.9055604589585,-356.8402471315092,-34.42188879082082,-75.61341571050308
27,2024-10-21 12:21,AAPL,0.0,-194.0600176522507,172.5132391879965,318.7533097969992,19.600617828773174,-223.11341571050315,553.4046778464256,-274.8256840247132,7.367608120035306,181.27096204766113
28,2024-10-21 12:22,AAPL,16.064215432418436,-142.1853961677887,-252.9259451061626,405.0233039875712,-308.29621957534954,144.46400828586223,435.21491455204557,-408.4412221646815,-63.345416882444326,-51.15484205075091
29,2024-10-21 12:23,AAPL,-111.97919375812745,228.82704811443438,-1229.9453836150847,-1308.1482444733422,1833.6592977893372,-1485.24577373212,3406.236671001301,-1142.3094928478545,-215.43823146944086,-517.5994798439533
30,2024-10-21 12:24,AAPL,-29.803445765590876,-527.9228342635283,513.5234166464451,825.2875515651541,-696.5299684542587,286.8163067216695,518.7139043921378,-611.6403785488959,-279.1142926474157,137.6316428051444
31,2024-10-21 12:25,AAPL,7.906861530839733,56.10106514738668,-47.158781273222694,-190.80009908347785,592.8263562051028,-132.53405994550408,262.43249938072825,145.90042110478078,-71.91478820906615,-28.144661877631904
32,2024-10-21 12:26,AAPL,41.84173669467787,191.3515406162465,-276.6106442577031,-686.4495798319329,1320.9033613445379,-721.9887955182073,783.6134453781513,-165.61624649859945,-184.17366946778714,83.68347338935574
33,2024-10-21 12:27,AAPL,4.156902699949057,-187.40703005603666,257.38155883851243,-881.7829852266938,414.30463576158934,642.2414671421293,64.43199184921038,-28.578706062149767,-1.3856342333163523,-63.91237901171675
34,2024-10-21 12:28,AAPL,-58.90728476821192,-42.317880794701985,-42.913907284768214,-267.91390728476824,347.4834437086093,-260.6622516556291,314.80132450331126,-173.34437086092714,-29.90066225165563,-60.0
35,2024-10-21 12:29,AAPL,-361.3392141138733,540.8580593424218,-990.3127506014434,-1091.2510024057738,2961.7321571772254,-754.570970328789,2587.57016840417,-892.3336006415396,-120.33680834001603,30.90617481956696
36,2024-10-21 12:30,AAPL,-292.20536165907936,-594.7799696509862,-234.96712190187148,1454.5978755690437,-675.6600910470409,270.84471421345467,251.35053110773893,-25.300961052099133,-313.566009104704,22.39757207890743
37,2024-10-21 12:31,AAPL,-725.7752750130958,161.66055526453638,-122.4122577265584,855.6128863279204,157.84180199057096,-109.0466212676794,0.8486118386589837,274.3137768465165,-668.9182818229439,-256.28077527501307
38,2024-10-21 12:32,AAPL,-597.596566523605,54.9633930825549,218.66195405200705,307.58646806362026,297.75561726836656,-29.790456955314312,-30.982075233526885,416.7684928048472,-144.78162080282755,-102.33021964150466
39,2024-10-21 12:33,AAPL,-315.2724481964696,-108.15042210283958,337.0887695062675,54.0086978766948,186.90202097723198,-82.74238935789204,12.77052954719877,169.2095165003837,13.834740342798668,-183.7093885904323
40,2024-10-21 12:34,AAPL,-768.1295874462161,-133.63705391040241,43.087825866869146,854.9531764110351,-790.6454062262718,316.1933687674006,908.7319665907364,-822.394330549228,-99.78233358643381,-50.701088332067826
41,2024-10-21 12:35,AAPL,119.28939237899073,-494.9639546858908,269.1040164778579,-98.93923789907312,249.55715756951597,325.46858908341915,99.20700308959835,-213.27497425334707,19.814624098867146,-82.7394438722966
42,2024-10-21 12:36,AAPL,-17.181341980543777,-199.5310551259666,236.94686954352707,11.913195310551261,-13.0506360688451,132.48191568969818,-29.333998503367425,-52.62160139685707,-7.662758792716389,-6.225991519082066
43,2024-10-21 12:37,AAPL,-53.827392120075054,-3.386491557223265,-762.673545966229,1577.3921200750472,-486.0506566604128,103.37711069418388,89.11819887429645,145.26266416510322,-517.5984990619138,90.72232645403378
44,2024-10-21 12:38,AAPL,-1069.7723998847596,-80.92768654566409,-848.6718524920773,748.8101411696919,-67.18524920772113,-139.25669835782196,-531.0688562373956,356.6925957937194,-21.68251224431,-563.1345433592625
45,2024-10-21 12:39,AAPL,-111.63238654913481,-173.7740777015997,64.46947437153116,193.50963108063985,-122.76526281423439,66.08880182827292,-35.726412014364996,33.7022526934378,0.30362389813907925,-8.50146914789422
46,2024-10-21 12:40,AAPL,-527.4142940151075,340.97617664148754,-112.35909355026149,467.33585124927373,182.7164439279489,-39.875072632190594,244.74433468913426,-12.051133062173157,42.35618826263801,94.81406159209763
47,2024-10-21 12:41,AAPL,-643.5213204951857,-300.54470426409904,-256.1760660247593,163.38927097661622,96.48418156808803,11.972489683631363,273.60660247592847,215.5048143053645,-129.76066024759285,4.049518569463549
48,2024-10-21 12:42,AAPL,-2.7756653992395437,-494.62357414448667,660.0532319391635,17.579214195183777,613.6070975918884,165.61470215462612,428.37769328263624,-260.5424588086185,231.12040557667933,72.35234474017744
49,2024-10-21 12:43,AAPL,-32.4289597232518,-501.7247343711392,219.10551025450957,-126.18729923400052,509.2858907832964,473.66444279713374,80.14825796886585,-32.26093402520386,285.97973807758837,0.0
50,2024-10-21 12:44,AAPL,-552.2834645669292,154.48818897637796,-334.96062992125985,223.93700787401576,275.90551181102364,44.25196850393701,-114.96062992125985,218.58267716535434,-141.5748031496063,-134.1732283464567
51,2024-10-21 12:45,AAPL,-51.06530089628681,-628.3252240717028,323.63124199743913,323.76184379001273,139.48271446862995,174.61459667093467,435.4263764404609,-185.45454545454544,-16.97823303457106,-53.41613316261203
52,2024-10-21 12:46,AAPL,13.731036256106966,-29.69915145281563,-30.856261249678578,-19.208022627924915,143.79017742350217,-36.333247621496525,-42.04165595268706,-12.111082540498842,14.116739521727949,-103.13705322705064
53,2024-10-21 12:47,AAPL,-259.4257467395877,-191.30837189734956,-33.89145982330668,400.67732435843493,-229.43626419856957,146.9373159444678,388.30248212031967,-76.47875473285653,-25.195624737063522,43.14472023559107
54,2024-10-21 12:48,AAPL,-166.60137120470125,-803.7708129285014,952.0078354554357,-14.397649363369244,217.87463271302641,159.84329089128303,-263.85896180215474,-235.7982370225269,-178.35455435847206,343.63369245837407
55,2024-10-21 12:49,AAPL,-51.955622414441514,-1088.1910492666414,563.8962015795411,344.5656261752538,-612.4670928920646,1329.0146671681082,732.9635201203458,231.00789770590444,426.9838285069574,230.50018804061673
56,2024-10-21 12:50,AAPL,-2.1960146400976006,-431.18747458316386,-800.8865392435949,819.1134607564051,-845.0264335095567,740.7157381049207,259.2395282635218,-115.18096787311916,145.92517283448555,-74.44489629930867
57,2024-10-21 12:51,AAPL,-54.172970762625226,-186.98834594152524,-959.8037211204253,1773.8376610100183,-1347.3890819873236,1156.0826006951543,750.0470251482315,-242.60069515436516,329.6176650991617,-170.7626252300143
58,2024-10-21 12:52,AAPL,-20.170842824601365,27.7714502657555,-510.1176917236142,155.5201214882308,-607.463933181473,440.250569476082,506.46355353075165,-71.9134396355353,314.9867122247532,86.96848899012907
59,2024-10-21 12:53,AAPL,-45.302081228531016,-42.115578904829256,-44.57264093756314,56.62760153566377,-46.06991311376036,-11.709436249747423,21.99838351182057,-11.133562335825419,-31.788240048494647,-28.56334613053142
60,2024-10-21 12:54,AAPL,-20.51625239005736,15.082217973231357,-32.382409177820264,-187.4187380497132,-29.055449330783937,224.23709369024857,99.03250478011472,129.8623326959847,397.68260038240913,-29.609942638623327
61,2024-10-21 12:55,AAPL,-215.34988713318285,131.1512415349887,-833.6343115124154,761.0609480812642,-680.6997742663657,187.81038374717835,588.6004514672686,-168.17155756207677,91.64785553047405,-134.19864559819413
62,2024-10-21 12:56,AAPL,20.514482479238403,93.82215920599555,-421.95665383836337,405.62284788332994,-465.7079197893458,278.8414016609277,57.94612112618999,125.71197083248937,122.89244480453718,-104.41968806967795
63,2024-10-21 12:57,AAPL,0.940353604041189,0.598406838935302,-34.49387993005634,43.51272585972411,17.738488439867883,20.816009325820865,124.81056926364872,17.011851564017874,19.790169030503204,6.454245191373615
64,2024-10-21 12:58,AAPL,-0.639355908122188,99.95264030310206,-307.9564290788539,-54.98460809850817,-865.0485436893205,576.6990291262136,-472.0577788302155,639.7821453942695,41.34501539190149,161.3308074828321
65,2024-10-21 12:59,AAPL,-2.424479166666667,9.104166666666668,-38.0,26.768229166666668,-137.0078125,74.16927083333334,-5.393229166666667,-37.208333333333336,-5.986979166666667,68.97395833333334
66,2024-10-21 13:00,AAPL,-218.54757929883135,172.53756260434054,-31.03505843071786,-563.8397328881468,519.7829716193655,-392.38731218697825,512.1869782971619,199.88313856427376,-234.1736227045075,136.5108514190317
67,2024-10-21 13:01,AAPL,-311.6484819734345,-585.8325426944972,-1244.3738140417456,556.6935483870967,-42.73719165085389,-4.162713472485769,226.17409867172674,226.17409867172674,-258.9207779886148,450.96062618595823
68,2024-10-21 13:02,AAPL,-7134.75625823452,-5121.273605621433,-5333.219148001757,-555.5204216073782,-529.8638559508125,-1472.4637681159422,-1659.868247694335,-1888.5463328941591,3522.7580149319283,-2318.014931927976
69,2024-10-21 13:03,AAPL,7.6054537707711996,-613.5066041755434,710.34938219003,696.1525351512571,533.3958244567534,647.4776310183214,1101.7767362590544,-388.89220281210066,71.99829569663402,1029.7784405624204
70,2024-10-21 13:04,AAPL,0.3980891719745223,-100.61703821656052,-46.57643312101911,13.435509554140127,-60.70859872611465,-50.55732484076433,12.340764331210192,-98.02945859872611,-55.035828025477706,-15.425955414012739
